--
-- PostgreSQL database dump
--

-- Dumped from database version 14.2 (Debian 14.2-1.pgdg110+1)
-- Dumped by pg_dump version 14.2 (Debian 14.2-1.pgdg110+1)

SET statement_timeout = 0;
SET lock_timeout = 0;
SET idle_in_transaction_session_timeout = 0;
SET client_encoding = 'UTF8';
SET standard_conforming_strings = on;
SELECT pg_catalog.set_config('search_path', '', false);
SET check_function_bodies = false;
SET xmloption = content;
SET client_min_messages = warning;
SET row_security = off;

SET default_tablespace = '';

SET default_table_access_method = heap;

--
-- Name: auth_group; Type: TABLE; Schema: public; Owner: user
--

CREATE TABLE public.auth_group
(
    id integer NOT NULL,
    name character varying(150) NOT NULL
);


ALTER TABLE public.auth_group
    OWNER TO "comment-recommendation";

--
-- Name: auth_group_id_seq; Type: SEQUENCE; Schema: public; Owner: user
--

ALTER TABLE public.auth_group
    ALTER COLUMN id ADD GENERATED BY DEFAULT AS IDENTITY (
        SEQUENCE NAME public.auth_group_id_seq
        START WITH 1
        INCREMENT BY 1
        NO MINVALUE
        NO MAXVALUE
        CACHE 1
        );


--
-- Name: auth_group_permissions; Type: TABLE; Schema: public; Owner: user
--

CREATE TABLE public.auth_group_permissions
(
    id bigint NOT NULL,
    group_id integer NOT NULL,
    permission_id integer NOT NULL
);


ALTER TABLE public.auth_group_permissions
    OWNER TO "comment-recommendation";

--
-- Name: auth_group_permissions_id_seq; Type: SEQUENCE; Schema: public; Owner: user
--

ALTER TABLE public.auth_group_permissions
    ALTER COLUMN id ADD GENERATED BY DEFAULT AS IDENTITY (
        SEQUENCE NAME public.auth_group_permissions_id_seq
        START WITH 1
        INCREMENT BY 1
        NO MINVALUE
        NO MAXVALUE
        CACHE 1
        );


--
-- Name: auth_permission; Type: TABLE; Schema: public; Owner: user
--

CREATE TABLE public.auth_permission
(
    id              integer                NOT NULL,
    name            character varying(255) NOT NULL,
    content_type_id integer                NOT NULL,
    codename        character varying(100) NOT NULL
);


ALTER TABLE public.auth_permission
    OWNER TO "comment-recommendation";

--
-- Name: auth_permission_id_seq; Type: SEQUENCE; Schema: public; Owner: user
--

ALTER TABLE public.auth_permission
    ALTER COLUMN id ADD GENERATED BY DEFAULT AS IDENTITY (
        SEQUENCE NAME public.auth_permission_id_seq
        START WITH 1
        INCREMENT BY 1
        NO MINVALUE
        NO MAXVALUE
        CACHE 1
        );


--
-- Name: django_admin_log; Type: TABLE; Schema: public; Owner: user
--

CREATE TABLE public.django_admin_log
(
    id             integer                  NOT NULL,
    action_time    timestamp with time zone NOT NULL,
    object_id      text,
    object_repr    character varying(200)   NOT NULL,
    action_flag    smallint                 NOT NULL,
    change_message text                     NOT NULL,
    content_type_id integer,
    user_id        bigint                   NOT NULL,
    CONSTRAINT django_admin_log_action_flag_check CHECK ((action_flag >= 0))
);


ALTER TABLE public.django_admin_log
    OWNER TO "comment-recommendation";

--
-- Name: django_admin_log_id_seq; Type: SEQUENCE; Schema: public; Owner: user
--

ALTER TABLE public.django_admin_log
    ALTER COLUMN id ADD GENERATED BY DEFAULT AS IDENTITY (
        SEQUENCE NAME public.django_admin_log_id_seq
        START WITH 1
        INCREMENT BY 1
        NO MINVALUE
        NO MAXVALUE
        CACHE 1
        );


--
-- Name: django_content_type; Type: TABLE; Schema: public; Owner: user
--

CREATE TABLE public.django_content_type
(
    id integer NOT NULL,
    app_label character varying(100) NOT NULL,
    model character varying(100) NOT NULL
);


ALTER TABLE public.django_content_type
    OWNER TO "comment-recommendation";

--
-- Name: django_content_type_id_seq; Type: SEQUENCE; Schema: public; Owner: user
--

ALTER TABLE public.django_content_type
    ALTER COLUMN id ADD GENERATED BY DEFAULT AS IDENTITY (
        SEQUENCE NAME public.django_content_type_id_seq
        START WITH 1
        INCREMENT BY 1
        NO MINVALUE
        NO MAXVALUE
        CACHE 1
        );


--
-- Name: django_migrations; Type: TABLE; Schema: public; Owner: user
--

CREATE TABLE public.django_migrations
(
    id bigint NOT NULL,
    app character varying(255) NOT NULL,
    name character varying(255) NOT NULL,
    applied timestamp with time zone NOT NULL
);


ALTER TABLE public.django_migrations
    OWNER TO "comment-recommendation";

--
-- Name: django_migrations_id_seq; Type: SEQUENCE; Schema: public; Owner: user
--

ALTER TABLE public.django_migrations
    ALTER COLUMN id ADD GENERATED BY DEFAULT AS IDENTITY (
        SEQUENCE NAME public.django_migrations_id_seq
        START WITH 1
        INCREMENT BY 1
        NO MINVALUE
        NO MAXVALUE
        CACHE 1
        );


--
-- Name: django_session; Type: TABLE; Schema: public; Owner: user
--

CREATE TABLE public.django_session
(
    session_key  character varying(40)    NOT NULL,
    session_data text                     NOT NULL,
    expire_date  timestamp with time zone NOT NULL
);


ALTER TABLE public.django_session
    OWNER TO "comment-recommendation";

--
-- Name: evaluation_comment; Type: TABLE; Schema: public; Owner: user
--

CREATE TABLE public.evaluation_comment
(
    id                   bigint                   NOT NULL,
    text                 character varying(70000) NOT NULL,
    comment_selection_id bigint                   NOT NULL
);


ALTER TABLE public.evaluation_comment
    OWNER TO "comment-recommendation";

--
-- Name: evaluation_comment_id_seq; Type: SEQUENCE; Schema: public; Owner: user
--

ALTER TABLE public.evaluation_comment
    ALTER COLUMN id ADD GENERATED BY DEFAULT AS IDENTITY (
        SEQUENCE NAME public.evaluation_comment_id_seq
        START WITH 1
        INCREMENT BY 1
        NO MINVALUE
        NO MAXVALUE
        CACHE 1
        );


--
-- Name: evaluation_commentanswer; Type: TABLE; Schema: public; Owner: user
--

CREATE TABLE public.evaluation_commentanswer
(
    id                   bigint  NOT NULL,
    good_recommendation  boolean NOT NULL,
    comment_id           bigint  NOT NULL,
    comment_selection_id bigint  NOT NULL,
    participant_id       bigint  NOT NULL,
    question_id          bigint  NOT NULL
);


ALTER TABLE public.evaluation_commentanswer
    OWNER TO "comment-recommendation";

--
-- Name: evaluation_commentanswer_id_seq; Type: SEQUENCE; Schema: public; Owner: user
--

ALTER TABLE public.evaluation_commentanswer
    ALTER COLUMN id ADD GENERATED BY DEFAULT AS IDENTITY (
        SEQUENCE NAME public.evaluation_commentanswer_id_seq
        START WITH 1
        INCREMENT BY 1
        NO MINVALUE
        NO MAXVALUE
        CACHE 1
        );


--
-- Name: evaluation_commentselection; Type: TABLE; Schema: public; Owner: user
--

CREATE TABLE public.evaluation_commentselection
(
    id bigint NOT NULL,
    recommendation_method character varying(100) NOT NULL,
    question_id bigint NOT NULL
);


ALTER TABLE public.evaluation_commentselection
    OWNER TO "comment-recommendation";

--
-- Name: evaluation_commentselection_id_seq; Type: SEQUENCE; Schema: public; Owner: user
--

ALTER TABLE public.evaluation_commentselection
    ALTER COLUMN id ADD GENERATED BY DEFAULT AS IDENTITY (
        SEQUENCE NAME public.evaluation_commentselection_id_seq
        START WITH 1
        INCREMENT BY 1
        NO MINVALUE
        NO MAXVALUE
        CACHE 1
        );


--
-- Name: evaluation_participant; Type: TABLE; Schema: public; Owner: user
--

CREATE TABLE public.evaluation_participant
(
    id                                           bigint                   NOT NULL,
    password                                     character varying(128)   NOT NULL,
    last_login                                   timestamp with time zone,
    is_superuser                                 boolean                  NOT NULL,
    username                                     character varying(150)   NOT NULL,
    first_name                                   character varying(150)   NOT NULL,
    last_name                                    character varying(150)   NOT NULL,
    email                                        character varying(254)   NOT NULL,
    is_staff                                     boolean                  NOT NULL,
    is_active                                    boolean                  NOT NULL,
    date_joined                                  timestamp with time zone NOT NULL,
    gender                                       character varying(1000)  NOT NULL,
    education                                    character varying(1000)  NOT NULL,
    age                                          integer                  NOT NULL,
    last_accessed_question_id                    bigint                   NOT NULL,
    last_accessed_question_recommendation_method character varying(1000)  NOT NULL
);


ALTER TABLE public.evaluation_participant
    OWNER TO "comment-recommendation";

--
-- Name: evaluation_participant_groups; Type: TABLE; Schema: public; Owner: user
--

CREATE TABLE public.evaluation_participant_groups
(
    id             bigint  NOT NULL,
    participant_id bigint  NOT NULL,
    group_id       integer NOT NULL
);


ALTER TABLE public.evaluation_participant_groups
    OWNER TO "comment-recommendation";

--
-- Name: evaluation_participant_groups_id_seq; Type: SEQUENCE; Schema: public; Owner: user
--

ALTER TABLE public.evaluation_participant_groups
    ALTER COLUMN id ADD GENERATED BY DEFAULT AS IDENTITY (
        SEQUENCE NAME public.evaluation_participant_groups_id_seq
        START WITH 1
        INCREMENT BY 1
        NO MINVALUE
        NO MAXVALUE
        CACHE 1
        );


--
-- Name: evaluation_participant_id_seq; Type: SEQUENCE; Schema: public; Owner: user
--

ALTER TABLE public.evaluation_participant
    ALTER COLUMN id ADD GENERATED BY DEFAULT AS IDENTITY (
        SEQUENCE NAME public.evaluation_participant_id_seq
        START WITH 1
        INCREMENT BY 1
        NO MINVALUE
        NO MAXVALUE
        CACHE 1
        );


--
-- Name: evaluation_participant_questions; Type: TABLE; Schema: public; Owner: user
--

CREATE TABLE public.evaluation_participant_questions
(
    id bigint NOT NULL,
    participant_id bigint NOT NULL,
    question_id bigint NOT NULL
);


ALTER TABLE public.evaluation_participant_questions
    OWNER TO "comment-recommendation";

--
-- Name: evaluation_participant_questions_id_seq; Type: SEQUENCE; Schema: public; Owner: user
--

ALTER TABLE public.evaluation_participant_questions
    ALTER COLUMN id ADD GENERATED BY DEFAULT AS IDENTITY (
        SEQUENCE NAME public.evaluation_participant_questions_id_seq
        START WITH 1
        INCREMENT BY 1
        NO MINVALUE
        NO MAXVALUE
        CACHE 1
        );


--
-- Name: evaluation_participant_user_permissions; Type: TABLE; Schema: public; Owner: user
--

CREATE TABLE public.evaluation_participant_user_permissions
(
    id             bigint  NOT NULL,
    participant_id bigint  NOT NULL,
    permission_id  integer NOT NULL
);


ALTER TABLE public.evaluation_participant_user_permissions
    OWNER TO "comment-recommendation";

--
-- Name: evaluation_participant_user_permissions_id_seq; Type: SEQUENCE; Schema: public; Owner: user
--

ALTER TABLE public.evaluation_participant_user_permissions
    ALTER COLUMN id ADD GENERATED BY DEFAULT AS IDENTITY (
        SEQUENCE NAME public.evaluation_participant_user_permissions_id_seq
        START WITH 1
        INCREMENT BY 1
        NO MINVALUE
        NO MAXVALUE
        CACHE 1
        );


--
-- Name: evaluation_pointofviewsetanswer; Type: TABLE; Schema: public; Owner: user
--

CREATE TABLE public.evaluation_pointofviewsetanswer
(
    id          bigint NOT NULL,
    recommendation_method character varying(1000) NOT NULL,
    selected_method character varying(1000) NOT NULL,
    participant_id bigint NOT NULL,
    question_id bigint NOT NULL
);


ALTER TABLE public.evaluation_pointofviewsetanswer
    OWNER TO "comment-recommendation";

--
-- Name: evaluation_pointofviewsetanswer_id_seq; Type: SEQUENCE; Schema: public; Owner: user
--

ALTER TABLE public.evaluation_pointofviewsetanswer
    ALTER COLUMN id ADD GENERATED BY DEFAULT AS IDENTITY (
        SEQUENCE NAME public.evaluation_pointofviewsetanswer_id_seq
        START WITH 1
        INCREMENT BY 1
        NO MINVALUE
        NO MAXVALUE
        CACHE 1
        );


--
-- Name: evaluation_question; Type: TABLE; Schema: public; Owner: user
--

CREATE TABLE public.evaluation_question
(
    id               bigint                   NOT NULL,
    user_comment     character varying(6000)  NOT NULL,
    article_keywords character varying(1000)  NOT NULL,
    article_title    character varying(10000) NOT NULL,
    news_agency      character varying(1000)  NOT NULL
);


ALTER TABLE public.evaluation_question
    OWNER TO "comment-recommendation";

--
-- Name: evaluation_question_id_seq; Type: SEQUENCE; Schema: public; Owner: user
--

ALTER TABLE public.evaluation_question
    ALTER COLUMN id ADD GENERATED BY DEFAULT AS IDENTITY (
        SEQUENCE NAME public.evaluation_question_id_seq
        START WITH 1
        INCREMENT BY 1
        NO MINVALUE
        NO MAXVALUE
        CACHE 1
        );


--
-- Data for Name: auth_group; Type: TABLE DATA; Schema: public; Owner: user
--

COPY public.auth_group (id, name) FROM stdin;
\.


--
-- Data for Name: auth_group_permissions; Type: TABLE DATA; Schema: public; Owner: user
--

COPY public.auth_group_permissions (id, group_id, permission_id) FROM stdin;
\.


--
-- Data for Name: auth_permission; Type: TABLE DATA; Schema: public; Owner: user
--

COPY public.auth_permission (id, name, content_type_id, codename) FROM stdin;
1	Can add question	1	add_question
2	Can change question	1	change_question
3	Can delete question	1	delete_question
4	Can view question	1	view_question
5	Can add comment selection	2	add_commentselection
6	Can change comment selection	2	change_commentselection
7	Can delete comment selection	2	delete_commentselection
8	Can view comment selection	2	view_commentselection
9	Can add comment	3	add_comment
10	Can change comment	3	change_comment
11	Can delete comment	3	delete_comment
12	Can view comment	3	view_comment
13	Can add user	4	add_participant
14	Can change user	4	change_participant
15	Can delete user	4	delete_participant
16	Can view user	4	view_participant
17	Can add point of view set answer	5	add_pointofviewsetanswer
18	Can change point of view set answer	5	change_pointofviewsetanswer
19	Can delete point of view set answer	5	delete_pointofviewsetanswer
20	Can view point of view set answer	5	view_pointofviewsetanswer
21	Can add comment answer	6	add_commentanswer
22	Can change comment answer	6	change_commentanswer
23	Can delete comment answer	6	delete_commentanswer
24	Can view comment answer	6	view_commentanswer
25	Can add log entry	7	add_logentry
26	Can change log entry	7	change_logentry
27	Can delete log entry	7	delete_logentry
28	Can view log entry	7	view_logentry
29	Can add permission	8	add_permission
30	Can change permission	8	change_permission
31	Can delete permission	8	delete_permission
32	Can view permission	8	view_permission
33	Can add group	9	add_group
34	Can change group	9	change_group
35	Can delete group	9	delete_group
36	Can view group	9	view_group
37	Can add content type	10	add_contenttype
38	Can change content type	10	change_contenttype
39	Can delete content type	10	delete_contenttype
40	Can view content type	10	view_contenttype
41	Can add session	11	add_session
42	Can change session	11	change_session
43	Can delete session	11	delete_session
44	Can view session	11	view_session
\.


--
-- Data for Name: django_admin_log; Type: TABLE DATA; Schema: public; Owner: user
--

COPY public.django_admin_log (id, action_time, object_id, object_repr, action_flag, change_message, content_type_id,
                              user_id) FROM stdin;
\.


--
-- Data for Name: django_content_type; Type: TABLE DATA; Schema: public; Owner: user
--

COPY public.django_content_type (id, app_label, model) FROM stdin;
1	evaluation	question
2	evaluation	commentselection
3	evaluation	comment
4	evaluation	participant
5	evaluation	pointofviewsetanswer
6	evaluation	commentanswer
7	admin	logentry
8	auth	permission
9	auth	group
10	contenttypes	contenttype
11	sessions	session
\.


--
-- Data for Name: django_migrations; Type: TABLE DATA; Schema: public; Owner: user
--

COPY public.django_migrations (id, app, name, applied) FROM stdin;
1	contenttypes	0001_initial	2024-07-30 14:57:46.96428+00
2	contenttypes	0002_remove_content_type_name	2024-07-30 14:57:46.97013+00
3	auth	0001_initial	2024-07-30 14:57:46.996688+00
4	auth	0002_alter_permission_name_max_length	2024-07-30 14:57:47.001285+00
5	auth	0003_alter_user_email_max_length	2024-07-30 14:57:47.006555+00
6	auth	0004_alter_user_username_opts	2024-07-30 14:57:47.011628+00
7	auth	0005_alter_user_last_login_null	2024-07-30 14:57:47.016078+00
8	auth	0006_require_contenttypes_0002	2024-07-30 14:57:47.017403+00
9	auth	0007_alter_validators_add_error_messages	2024-07-30 14:57:47.021576+00
10	auth	0008_alter_user_username_max_length	2024-07-30 14:57:47.025945+00
11	auth	0009_alter_user_last_name_max_length	2024-07-30 14:57:47.030825+00
12	auth	0010_alter_group_name_max_length	2024-07-30 14:57:47.037862+00
13	auth	0011_update_proxy_permissions	2024-07-30 14:57:47.04284+00
14	auth	0012_alter_user_first_name_max_length	2024-07-30 14:57:47.04745+00
15	evaluation	0001_initial	2024-07-30 14:57:47.132184+00
16	admin	0001_initial	2024-07-30 14:57:47.149436+00
17	admin	0002_logentry_remove_auto_add	2024-07-30 14:57:47.157678+00
18	admin	0003_logentry_add_action_flag_choices	2024-07-30 14:57:47.166692+00
19	sessions	0001_initial	2024-07-30 14:57:47.174726+00
\.


--
-- Data for Name: django_session; Type: TABLE DATA; Schema: public; Owner: user
--

COPY public.django_session (session_key, session_data, expire_date) FROM stdin;
\.


--
-- Data for Name: evaluation_comment; Type: TABLE DATA; Schema: public; Owner: user
--

COPY public.evaluation_comment (id, text, comment_selection_id) FROM stdin;
\.


--
-- Data for Name: evaluation_commentanswer; Type: TABLE DATA; Schema: public; Owner: user
--

COPY public.evaluation_commentanswer (id, good_recommendation, comment_id, comment_selection_id, participant_id,
                                      question_id) FROM stdin;
\.


--
-- Data for Name: evaluation_commentselection; Type: TABLE DATA; Schema: public; Owner: user
--

COPY public.evaluation_commentselection (id, recommendation_method, question_id) FROM stdin;
\.


--
-- Data for Name: evaluation_participant; Type: TABLE DATA; Schema: public; Owner: user
--

COPY public.evaluation_participant (id, password, last_login, is_superuser, username, first_name, last_name, email,
                                    is_staff, is_active, date_joined, gender, education, age, last_accessed_question_id,
                                    last_accessed_question_recommendation_method) FROM stdin;
\.


--
-- Data for Name: evaluation_participant_groups; Type: TABLE DATA; Schema: public; Owner: user
--

COPY public.evaluation_participant_groups (id, participant_id, group_id) FROM stdin;
\.


--
-- Data for Name: evaluation_participant_questions; Type: TABLE DATA; Schema: public; Owner: user
--

COPY public.evaluation_participant_questions (id, participant_id, question_id) FROM stdin;
\.


--
-- Data for Name: evaluation_participant_user_permissions; Type: TABLE DATA; Schema: public; Owner: user
--

COPY public.evaluation_participant_user_permissions (id, participant_id, permission_id) FROM stdin;
\.


--
-- Data for Name: evaluation_pointofviewsetanswer; Type: TABLE DATA; Schema: public; Owner: user
--

COPY public.evaluation_pointofviewsetanswer (id, recommendation_method, selected_method, participant_id,
                                             question_id) FROM stdin;
\.


--
-- Data for Name: evaluation_question; Type: TABLE DATA; Schema: public; Owner: user
--

COPY public.evaluation_question (id, user_comment, article_keywords, article_title, news_agency) FROM stdin;
\.


--
-- Name: auth_group_id_seq; Type: SEQUENCE SET; Schema: public; Owner: user
--

SELECT pg_catalog.setval('public.auth_group_id_seq', 1, false);


--
-- Name: auth_group_permissions_id_seq; Type: SEQUENCE SET; Schema: public; Owner: user
--

SELECT pg_catalog.setval('public.auth_group_permissions_id_seq', 1, false);


--
-- Name: auth_permission_id_seq; Type: SEQUENCE SET; Schema: public; Owner: user
--

SELECT pg_catalog.setval('public.auth_permission_id_seq', 44, true);


--
-- Name: django_admin_log_id_seq; Type: SEQUENCE SET; Schema: public; Owner: user
--

SELECT pg_catalog.setval('public.django_admin_log_id_seq', 1, false);


--
-- Name: django_content_type_id_seq; Type: SEQUENCE SET; Schema: public; Owner: user
--

SELECT pg_catalog.setval('public.django_content_type_id_seq', 11, true);


--
-- Name: django_migrations_id_seq; Type: SEQUENCE SET; Schema: public; Owner: user
--

SELECT pg_catalog.setval('public.django_migrations_id_seq', 19, true);


--
-- Name: evaluation_comment_id_seq; Type: SEQUENCE SET; Schema: public; Owner: user
--

SELECT pg_catalog.setval('public.evaluation_comment_id_seq', 1, false);


--
-- Name: evaluation_commentanswer_id_seq; Type: SEQUENCE SET; Schema: public; Owner: user
--

SELECT pg_catalog.setval('public.evaluation_commentanswer_id_seq', 1, false);


--
-- Name: evaluation_commentselection_id_seq; Type: SEQUENCE SET; Schema: public; Owner: user
--

SELECT pg_catalog.setval('public.evaluation_commentselection_id_seq', 1, false);


--
-- Name: evaluation_participant_groups_id_seq; Type: SEQUENCE SET; Schema: public; Owner: user
--

SELECT pg_catalog.setval('public.evaluation_participant_groups_id_seq', 1, false);


--
-- Name: evaluation_participant_id_seq; Type: SEQUENCE SET; Schema: public; Owner: user
--

SELECT pg_catalog.setval('public.evaluation_participant_id_seq', 1, false);


--
-- Name: evaluation_participant_questions_id_seq; Type: SEQUENCE SET; Schema: public; Owner: user
--

SELECT pg_catalog.setval('public.evaluation_participant_questions_id_seq', 1, false);


--
-- Name: evaluation_participant_user_permissions_id_seq; Type: SEQUENCE SET; Schema: public; Owner: user
--

SELECT pg_catalog.setval('public.evaluation_participant_user_permissions_id_seq', 1, false);


--
-- Name: evaluation_pointofviewsetanswer_id_seq; Type: SEQUENCE SET; Schema: public; Owner: user
--

SELECT pg_catalog.setval('public.evaluation_pointofviewsetanswer_id_seq', 1, false);


--
-- Name: evaluation_question_id_seq; Type: SEQUENCE SET; Schema: public; Owner: user
--

SELECT pg_catalog.setval('public.evaluation_question_id_seq', 1, false);


--
-- Name: auth_group auth_group_name_key; Type: CONSTRAINT; Schema: public; Owner: user
--

ALTER TABLE ONLY public.auth_group
    ADD CONSTRAINT auth_group_name_key UNIQUE (name);


--
-- Name: auth_group_permissions auth_group_permissions_group_id_permission_id_0cd325b0_uniq; Type: CONSTRAINT; Schema: public; Owner: user
--

ALTER TABLE ONLY public.auth_group_permissions
    ADD CONSTRAINT auth_group_permissions_group_id_permission_id_0cd325b0_uniq UNIQUE (group_id, permission_id);


--
-- Name: auth_group_permissions auth_group_permissions_pkey; Type: CONSTRAINT; Schema: public; Owner: user
--

ALTER TABLE ONLY public.auth_group_permissions
    ADD CONSTRAINT auth_group_permissions_pkey PRIMARY KEY (id);


--
-- Name: auth_group auth_group_pkey; Type: CONSTRAINT; Schema: public; Owner: user
--

ALTER TABLE ONLY public.auth_group
    ADD CONSTRAINT auth_group_pkey PRIMARY KEY (id);


--
-- Name: auth_permission auth_permission_content_type_id_codename_01ab375a_uniq; Type: CONSTRAINT; Schema: public; Owner: user
--

ALTER TABLE ONLY public.auth_permission
    ADD CONSTRAINT auth_permission_content_type_id_codename_01ab375a_uniq UNIQUE (content_type_id, codename);


--
-- Name: auth_permission auth_permission_pkey; Type: CONSTRAINT; Schema: public; Owner: user
--

ALTER TABLE ONLY public.auth_permission
    ADD CONSTRAINT auth_permission_pkey PRIMARY KEY (id);


--
-- Name: django_admin_log django_admin_log_pkey; Type: CONSTRAINT; Schema: public; Owner: user
--

ALTER TABLE ONLY public.django_admin_log
    ADD CONSTRAINT django_admin_log_pkey PRIMARY KEY (id);


--
-- Name: django_content_type django_content_type_app_label_model_76bd3d3b_uniq; Type: CONSTRAINT; Schema: public; Owner: user
--

ALTER TABLE ONLY public.django_content_type
    ADD CONSTRAINT django_content_type_app_label_model_76bd3d3b_uniq UNIQUE (app_label, model);


--
-- Name: django_content_type django_content_type_pkey; Type: CONSTRAINT; Schema: public; Owner: user
--

ALTER TABLE ONLY public.django_content_type
    ADD CONSTRAINT django_content_type_pkey PRIMARY KEY (id);


--
-- Name: django_migrations django_migrations_pkey; Type: CONSTRAINT; Schema: public; Owner: user
--

ALTER TABLE ONLY public.django_migrations
    ADD CONSTRAINT django_migrations_pkey PRIMARY KEY (id);


--
-- Name: django_session django_session_pkey; Type: CONSTRAINT; Schema: public; Owner: user
--

ALTER TABLE ONLY public.django_session
    ADD CONSTRAINT django_session_pkey PRIMARY KEY (session_key);


--
-- Name: evaluation_comment evaluation_comment_pkey; Type: CONSTRAINT; Schema: public; Owner: user
--

ALTER TABLE ONLY public.evaluation_comment
    ADD CONSTRAINT evaluation_comment_pkey PRIMARY KEY (id);


--
-- Name: evaluation_commentanswer evaluation_commentanswer_pkey; Type: CONSTRAINT; Schema: public; Owner: user
--

ALTER TABLE ONLY public.evaluation_commentanswer
    ADD CONSTRAINT evaluation_commentanswer_pkey PRIMARY KEY (id);


--
-- Name: evaluation_commentanswer evaluation_commentanswer_question_id_participant__9308c49a_uniq; Type: CONSTRAINT; Schema: public; Owner: user
--

ALTER TABLE ONLY public.evaluation_commentanswer
    ADD CONSTRAINT evaluation_commentanswer_question_id_participant__9308c49a_uniq UNIQUE (question_id, participant_id, comment_selection_id, comment_id);


--
-- Name: evaluation_commentselection evaluation_commentselection_pkey; Type: CONSTRAINT; Schema: public; Owner: user
--

ALTER TABLE ONLY public.evaluation_commentselection
    ADD CONSTRAINT evaluation_commentselection_pkey PRIMARY KEY (id);


--
-- Name: evaluation_participant_groups evaluation_participant_g_participant_id_group_id_e4a48bb5_uniq; Type: CONSTRAINT; Schema: public; Owner: user
--

ALTER TABLE ONLY public.evaluation_participant_groups
    ADD CONSTRAINT evaluation_participant_g_participant_id_group_id_e4a48bb5_uniq UNIQUE (participant_id, group_id);


--
-- Name: evaluation_participant_groups evaluation_participant_groups_pkey; Type: CONSTRAINT; Schema: public; Owner: user
--

ALTER TABLE ONLY public.evaluation_participant_groups
    ADD CONSTRAINT evaluation_participant_groups_pkey PRIMARY KEY (id);


--
-- Name: evaluation_participant evaluation_participant_pkey; Type: CONSTRAINT; Schema: public; Owner: user
--

ALTER TABLE ONLY public.evaluation_participant
    ADD CONSTRAINT evaluation_participant_pkey PRIMARY KEY (id);


--
-- Name: evaluation_participant_questions evaluation_participant_q_participant_id_question__8edad0c5_uniq; Type: CONSTRAINT; Schema: public; Owner: user
--

ALTER TABLE ONLY public.evaluation_participant_questions
    ADD CONSTRAINT evaluation_participant_q_participant_id_question__8edad0c5_uniq UNIQUE (participant_id, question_id);


--
-- Name: evaluation_participant_questions evaluation_participant_questions_pkey; Type: CONSTRAINT; Schema: public; Owner: user
--

ALTER TABLE ONLY public.evaluation_participant_questions
    ADD CONSTRAINT evaluation_participant_questions_pkey PRIMARY KEY (id);


--
-- Name: evaluation_participant_user_permissions evaluation_participant_u_participant_id_permissio_2bd09acf_uniq; Type: CONSTRAINT; Schema: public; Owner: user
--

ALTER TABLE ONLY public.evaluation_participant_user_permissions
    ADD CONSTRAINT evaluation_participant_u_participant_id_permissio_2bd09acf_uniq UNIQUE (participant_id, permission_id);


--
-- Name: evaluation_participant_user_permissions evaluation_participant_user_permissions_pkey; Type: CONSTRAINT; Schema: public; Owner: user
--

ALTER TABLE ONLY public.evaluation_participant_user_permissions
    ADD CONSTRAINT evaluation_participant_user_permissions_pkey PRIMARY KEY (id);


--
-- Name: evaluation_participant evaluation_participant_username_key; Type: CONSTRAINT; Schema: public; Owner: user
--

ALTER TABLE ONLY public.evaluation_participant
    ADD CONSTRAINT evaluation_participant_username_key UNIQUE (username);


--
-- Name: evaluation_pointofviewsetanswer evaluation_pointofviewse_question_id_participant__2e6ddfc2_uniq; Type: CONSTRAINT; Schema: public; Owner: user
--

ALTER TABLE ONLY public.evaluation_pointofviewsetanswer
    ADD CONSTRAINT evaluation_pointofviewse_question_id_participant__2e6ddfc2_uniq UNIQUE (question_id, participant_id, recommendation_method, selected_method);


--
-- Name: evaluation_pointofviewsetanswer evaluation_pointofviewsetanswer_pkey; Type: CONSTRAINT; Schema: public; Owner: user
--

ALTER TABLE ONLY public.evaluation_pointofviewsetanswer
    ADD CONSTRAINT evaluation_pointofviewsetanswer_pkey PRIMARY KEY (id);


--
-- Name: evaluation_question evaluation_question_pkey; Type: CONSTRAINT; Schema: public; Owner: user
--

ALTER TABLE ONLY public.evaluation_question
    ADD CONSTRAINT evaluation_question_pkey PRIMARY KEY (id);


--
-- Name: auth_group_name_a6ea08ec_like; Type: INDEX; Schema: public; Owner: user
--

CREATE INDEX auth_group_name_a6ea08ec_like ON public.auth_group USING btree (name varchar_pattern_ops);


--
-- Name: auth_group_permissions_group_id_b120cbf9; Type: INDEX; Schema: public; Owner: user
--

CREATE INDEX auth_group_permissions_group_id_b120cbf9 ON public.auth_group_permissions USING btree (group_id);


--
-- Name: auth_group_permissions_permission_id_84c5c92e; Type: INDEX; Schema: public; Owner: user
--

CREATE INDEX auth_group_permissions_permission_id_84c5c92e ON public.auth_group_permissions USING btree (permission_id);


--
-- Name: auth_permission_content_type_id_2f476e4b; Type: INDEX; Schema: public; Owner: user
--

CREATE INDEX auth_permission_content_type_id_2f476e4b ON public.auth_permission USING btree (content_type_id);


--
-- Name: django_admin_log_content_type_id_c4bce8eb; Type: INDEX; Schema: public; Owner: user
--

CREATE INDEX django_admin_log_content_type_id_c4bce8eb ON public.django_admin_log USING btree (content_type_id);


--
-- Name: django_admin_log_user_id_c564eba6; Type: INDEX; Schema: public; Owner: user
--

CREATE INDEX django_admin_log_user_id_c564eba6 ON public.django_admin_log USING btree (user_id);


--
-- Name: django_session_expire_date_a5c62663; Type: INDEX; Schema: public; Owner: user
--

CREATE INDEX django_session_expire_date_a5c62663 ON public.django_session USING btree (expire_date);


--
-- Name: django_session_session_key_c0390e0f_like; Type: INDEX; Schema: public; Owner: user
--

CREATE INDEX django_session_session_key_c0390e0f_like ON public.django_session USING btree (session_key varchar_pattern_ops);


--
-- Name: evaluation_comment_comment_selection_id_d2898acc; Type: INDEX; Schema: public; Owner: user
--

CREATE INDEX evaluation_comment_comment_selection_id_d2898acc ON public.evaluation_comment USING btree (comment_selection_id);


--
-- Name: evaluation_commentanswer_comment_id_489485d4; Type: INDEX; Schema: public; Owner: user
--

CREATE INDEX evaluation_commentanswer_comment_id_489485d4 ON public.evaluation_commentanswer USING btree (comment_id);


--
-- Name: evaluation_commentanswer_comment_selection_id_a8a6bd9f; Type: INDEX; Schema: public; Owner: user
--

CREATE INDEX evaluation_commentanswer_comment_selection_id_a8a6bd9f ON public.evaluation_commentanswer USING btree (comment_selection_id);


--
-- Name: evaluation_commentanswer_participant_id_19e506e1; Type: INDEX; Schema: public; Owner: user
--

CREATE INDEX evaluation_commentanswer_participant_id_19e506e1 ON public.evaluation_commentanswer USING btree (participant_id);


--
-- Name: evaluation_commentanswer_question_id_655f095d; Type: INDEX; Schema: public; Owner: user
--

CREATE INDEX evaluation_commentanswer_question_id_655f095d ON public.evaluation_commentanswer USING btree (question_id);


--
-- Name: evaluation_commentselection_question_id_6ee22db1; Type: INDEX; Schema: public; Owner: user
--

CREATE INDEX evaluation_commentselection_question_id_6ee22db1 ON public.evaluation_commentselection USING btree (question_id);


--
-- Name: evaluation_participant_groups_group_id_afb27ecb; Type: INDEX; Schema: public; Owner: user
--

CREATE INDEX evaluation_participant_groups_group_id_afb27ecb ON public.evaluation_participant_groups USING btree (group_id);


--
-- Name: evaluation_participant_groups_participant_id_1e04b005; Type: INDEX; Schema: public; Owner: user
--

CREATE INDEX evaluation_participant_groups_participant_id_1e04b005 ON public.evaluation_participant_groups USING btree (participant_id);


--
-- Name: evaluation_participant_questions_participant_id_d5494a77; Type: INDEX; Schema: public; Owner: user
--

CREATE INDEX evaluation_participant_questions_participant_id_d5494a77 ON public.evaluation_participant_questions USING btree (participant_id);


--
-- Name: evaluation_participant_questions_question_id_4ba0451f; Type: INDEX; Schema: public; Owner: user
--

CREATE INDEX evaluation_participant_questions_question_id_4ba0451f ON public.evaluation_participant_questions USING btree (question_id);


--
-- Name: evaluation_participant_user_permissions_participant_id_b27f3197; Type: INDEX; Schema: public; Owner: user
--

CREATE INDEX evaluation_participant_user_permissions_participant_id_b27f3197 ON public.evaluation_participant_user_permissions USING btree (participant_id);


--
-- Name: evaluation_participant_user_permissions_permission_id_a246d5a9; Type: INDEX; Schema: public; Owner: user
--

CREATE INDEX evaluation_participant_user_permissions_permission_id_a246d5a9 ON public.evaluation_participant_user_permissions USING btree (permission_id);


--
-- Name: evaluation_participant_username_cc9e0495_like; Type: INDEX; Schema: public; Owner: user
--

CREATE INDEX evaluation_participant_username_cc9e0495_like ON public.evaluation_participant USING btree (username varchar_pattern_ops);


--
-- Name: evaluation_pointofviewsetanswer_participant_id_f8241e12; Type: INDEX; Schema: public; Owner: user
--

CREATE INDEX evaluation_pointofviewsetanswer_participant_id_f8241e12 ON public.evaluation_pointofviewsetanswer USING btree (participant_id);


--
-- Name: evaluation_pointofviewsetanswer_question_id_6fc51602; Type: INDEX; Schema: public; Owner: user
--

CREATE INDEX evaluation_pointofviewsetanswer_question_id_6fc51602 ON public.evaluation_pointofviewsetanswer USING btree (question_id);


--
-- Name: auth_group_permissions auth_group_permissio_permission_id_84c5c92e_fk_auth_perm; Type: FK CONSTRAINT; Schema: public; Owner: user
--

ALTER TABLE ONLY public.auth_group_permissions
    ADD CONSTRAINT auth_group_permissio_permission_id_84c5c92e_fk_auth_perm FOREIGN KEY (permission_id) REFERENCES public.auth_permission (id) DEFERRABLE INITIALLY DEFERRED;


--
-- Name: auth_group_permissions auth_group_permissions_group_id_b120cbf9_fk_auth_group_id; Type: FK CONSTRAINT; Schema: public; Owner: user
--

ALTER TABLE ONLY public.auth_group_permissions
    ADD CONSTRAINT auth_group_permissions_group_id_b120cbf9_fk_auth_group_id FOREIGN KEY (group_id) REFERENCES public.auth_group (id) DEFERRABLE INITIALLY DEFERRED;


--
-- Name: auth_permission auth_permission_content_type_id_2f476e4b_fk_django_co; Type: FK CONSTRAINT; Schema: public; Owner: user
--

ALTER TABLE ONLY public.auth_permission
    ADD CONSTRAINT auth_permission_content_type_id_2f476e4b_fk_django_co FOREIGN KEY (content_type_id) REFERENCES public.django_content_type (id) DEFERRABLE INITIALLY DEFERRED;


--
-- Name: django_admin_log django_admin_log_content_type_id_c4bce8eb_fk_django_co; Type: FK CONSTRAINT; Schema: public; Owner: user
--

ALTER TABLE ONLY public.django_admin_log
    ADD CONSTRAINT django_admin_log_content_type_id_c4bce8eb_fk_django_co FOREIGN KEY (content_type_id) REFERENCES public.django_content_type (id) DEFERRABLE INITIALLY DEFERRED;


--
-- Name: django_admin_log django_admin_log_user_id_c564eba6_fk_evaluation_participant_id; Type: FK CONSTRAINT; Schema: public; Owner: user
--

ALTER TABLE ONLY public.django_admin_log
    ADD CONSTRAINT django_admin_log_user_id_c564eba6_fk_evaluation_participant_id FOREIGN KEY (user_id) REFERENCES public.evaluation_participant (id) DEFERRABLE INITIALLY DEFERRED;


--
-- Name: evaluation_comment evaluation_comment_comment_selection_id_d2898acc_fk_evaluatio; Type: FK CONSTRAINT; Schema: public; Owner: user
--

ALTER TABLE ONLY public.evaluation_comment
    ADD CONSTRAINT evaluation_comment_comment_selection_id_d2898acc_fk_evaluatio FOREIGN KEY (comment_selection_id) REFERENCES public.evaluation_commentselection (id) DEFERRABLE INITIALLY DEFERRED;


--
-- Name: evaluation_commentanswer evaluation_commentan_comment_id_489485d4_fk_evaluatio; Type: FK CONSTRAINT; Schema: public; Owner: user
--

ALTER TABLE ONLY public.evaluation_commentanswer
    ADD CONSTRAINT evaluation_commentan_comment_id_489485d4_fk_evaluatio FOREIGN KEY (comment_id) REFERENCES public.evaluation_comment (id) DEFERRABLE INITIALLY DEFERRED;


--
-- Name: evaluation_commentanswer evaluation_commentan_comment_selection_id_a8a6bd9f_fk_evaluatio; Type: FK CONSTRAINT; Schema: public; Owner: user
--

ALTER TABLE ONLY public.evaluation_commentanswer
    ADD CONSTRAINT evaluation_commentan_comment_selection_id_a8a6bd9f_fk_evaluatio FOREIGN KEY (comment_selection_id) REFERENCES public.evaluation_commentselection (id) DEFERRABLE INITIALLY DEFERRED;


--
-- Name: evaluation_commentanswer evaluation_commentan_participant_id_19e506e1_fk_evaluatio; Type: FK CONSTRAINT; Schema: public; Owner: user
--

ALTER TABLE ONLY public.evaluation_commentanswer
    ADD CONSTRAINT evaluation_commentan_participant_id_19e506e1_fk_evaluatio FOREIGN KEY (participant_id) REFERENCES public.evaluation_participant (id) DEFERRABLE INITIALLY DEFERRED;


--
-- Name: evaluation_commentanswer evaluation_commentan_question_id_655f095d_fk_evaluatio; Type: FK CONSTRAINT; Schema: public; Owner: user
--

ALTER TABLE ONLY public.evaluation_commentanswer
    ADD CONSTRAINT evaluation_commentan_question_id_655f095d_fk_evaluatio FOREIGN KEY (question_id) REFERENCES public.evaluation_question (id) DEFERRABLE INITIALLY DEFERRED;


--
-- Name: evaluation_commentselection evaluation_commentse_question_id_6ee22db1_fk_evaluatio; Type: FK CONSTRAINT; Schema: public; Owner: user
--

ALTER TABLE ONLY public.evaluation_commentselection
    ADD CONSTRAINT evaluation_commentse_question_id_6ee22db1_fk_evaluatio FOREIGN KEY (question_id) REFERENCES public.evaluation_question (id) DEFERRABLE INITIALLY DEFERRED;


--
-- Name: evaluation_participant_groups evaluation_participa_group_id_afb27ecb_fk_auth_grou; Type: FK CONSTRAINT; Schema: public; Owner: user
--

ALTER TABLE ONLY public.evaluation_participant_groups
    ADD CONSTRAINT evaluation_participa_group_id_afb27ecb_fk_auth_grou FOREIGN KEY (group_id) REFERENCES public.auth_group (id) DEFERRABLE INITIALLY DEFERRED;


--
-- Name: evaluation_participant_groups evaluation_participa_participant_id_1e04b005_fk_evaluatio; Type: FK CONSTRAINT; Schema: public; Owner: user
--

ALTER TABLE ONLY public.evaluation_participant_groups
    ADD CONSTRAINT evaluation_participa_participant_id_1e04b005_fk_evaluatio FOREIGN KEY (participant_id) REFERENCES public.evaluation_participant (id) DEFERRABLE INITIALLY DEFERRED;


--
-- Name: evaluation_participant_user_permissions evaluation_participa_participant_id_b27f3197_fk_evaluatio; Type: FK CONSTRAINT; Schema: public; Owner: user
--

ALTER TABLE ONLY public.evaluation_participant_user_permissions
    ADD CONSTRAINT evaluation_participa_participant_id_b27f3197_fk_evaluatio FOREIGN KEY (participant_id) REFERENCES public.evaluation_participant (id) DEFERRABLE INITIALLY DEFERRED;


--
-- Name: evaluation_participant_questions evaluation_participa_participant_id_d5494a77_fk_evaluatio; Type: FK CONSTRAINT; Schema: public; Owner: user
--

ALTER TABLE ONLY public.evaluation_participant_questions
    ADD CONSTRAINT evaluation_participa_participant_id_d5494a77_fk_evaluatio FOREIGN KEY (participant_id) REFERENCES public.evaluation_participant (id) DEFERRABLE INITIALLY DEFERRED;


--
-- Name: evaluation_participant_user_permissions evaluation_participa_permission_id_a246d5a9_fk_auth_perm; Type: FK CONSTRAINT; Schema: public; Owner: user
--

ALTER TABLE ONLY public.evaluation_participant_user_permissions
    ADD CONSTRAINT evaluation_participa_permission_id_a246d5a9_fk_auth_perm FOREIGN KEY (permission_id) REFERENCES public.auth_permission (id) DEFERRABLE INITIALLY DEFERRED;


--
-- Name: evaluation_participant_questions evaluation_participa_question_id_4ba0451f_fk_evaluatio; Type: FK CONSTRAINT; Schema: public; Owner: user
--

ALTER TABLE ONLY public.evaluation_participant_questions
    ADD CONSTRAINT evaluation_participa_question_id_4ba0451f_fk_evaluatio FOREIGN KEY (question_id) REFERENCES public.evaluation_question (id) DEFERRABLE INITIALLY DEFERRED;


--
-- Name: evaluation_pointofviewsetanswer evaluation_pointofvi_participant_id_f8241e12_fk_evaluatio; Type: FK CONSTRAINT; Schema: public; Owner: user
--

ALTER TABLE ONLY public.evaluation_pointofviewsetanswer
    ADD CONSTRAINT evaluation_pointofvi_participant_id_f8241e12_fk_evaluatio FOREIGN KEY (participant_id) REFERENCES public.evaluation_participant (id) DEFERRABLE INITIALLY DEFERRED;


--
-- Name: evaluation_pointofviewsetanswer evaluation_pointofvi_question_id_6fc51602_fk_evaluatio; Type: FK CONSTRAINT; Schema: public; Owner: user
--

ALTER TABLE ONLY public.evaluation_pointofviewsetanswer
    ADD CONSTRAINT evaluation_pointofvi_question_id_6fc51602_fk_evaluatio FOREIGN KEY (question_id) REFERENCES public.evaluation_question (id) DEFERRABLE INITIALLY DEFERRED;


--
-- PostgreSQL database dump complete
--

